,City,lat,lng,Population,Density,Surface,Depriv_idx,CovidCases_jan_jun_2020,MaxHospitalized_jan_jun_2020,AvgHospitalized_jan_jun_2020,Deceased_jan_jun_2020,MaxIntensiveCare_jan_jun_2020,AvgIntensiveCare_jan_jun_2020,mean_pm10_ug/m3_mean_jan_jun_2020,mean_pm10_ug/m3_std_jan_jun_2020,mean_pm10_ug/m3_median_jan_jun_2020,max_pm10_ug/m3_mean_jan_jun_2020,max_pm10_ug/m3_std_jan_jun_2020,max_pm10_ug/m3_median_jan_jun_2020,min_pm10_ug/m3_mean_jan_jun_2020,min_pm10_ug/m3_std_jan_jun_2020,min_pm10_ug/m3_median_jan_jun_2020,mean_pm10_ug/m3_mean_jan_jun_2020,mean_pm10_ug/m3_std_jan_jun_2020,mean_pm10_ug/m3_median_jan_jun_2020,mean_pm10_ug/m3_mean_2019,mean_pm10_ug/m3_std_2019,mean_pm10_ug/m3_median_2019,max_pm10_ug/m3_median_2019,max_pm10_ug/m3_mean_2019,max_pm10_ug/m3_std_2019,min_pm10_ug/m3_median_2019,min_pm10_ug/m3_mean_2019,min_pm10_ug/m3_std_2019,Zone,Region
0,Acquasparta,42.6911725,12.5464506,4611,57.0,81.61,1.0135067701339722,6,1,0.2735849056603773,0,1,0.07547169811320754,16.448845361752205,7.735423953036287,15.089289720373595,33.83661535284021,17.647869712782573,29.368189811706554,7.261862589435263,4.781903937551418,5.875183820724487,16.448845361752205,7.735423953036287,15.089289720373595,16.258195594533387,7.288499888985072,14.674647290577257,27.591323852539066,31.958118475299987,15.96066658054039,6.754476547241211,7.535171328668723,4.595696104837542,collinare e montana,Umbria
1,Allerona,42.812033,11.973053,1722,21.0,82.61,-1.3092718124389648,3,1,0.33673469387755106,0,0,0.0,16.009011205822198,8.708983600564581,14.28021806632409,33.495723168928535,24.558868100849317,27.071611404418945,5.148148264203753,3.2952726888536232,4.329870700836182,16.009011205822198,8.708983600564581,14.28021806632409,15.87448429790898,7.038711844591672,14.75220617484039,26.31259536743164,30.56573632122719,18.320678929293877,4.79066276550293,5.6230075953757925,3.7542143422532552,collinare e montana,Umbria
2,Alviano,42.5882078,12.2959357,1428,60.0,23.9,-2.1488823890686035,2,1,0.25263157894736843,0,0,0.0,22.5560826218061,11.939011493679821,19.56296901529034,38.18389854326353,20.920174401285934,32.187719345092766,9.650757276094877,5.429372916097728,8.142605781555176,22.5560826218061,11.939011493679821,19.56296901529034,20.957803491146628,8.908002143063658,19.626042765875656,30.00825500488281,34.68577974136561,17.674600753012157,8.948165893554688,9.722943588805526,5.0466092236647215,collinare e montana,Umbria
3,Amelia,42.5535279,12.4167756,11852,89.0,132.5,-0.8320842385292053,5,1,0.3173076923076923,1,0,0.0,18.391294056857483,8.45365960132995,16.21049857624178,36.719376013829155,16.893413047153658,32.94455337524414,7.836243549546043,4.633759017172504,6.741657018661499,18.391294056857483,8.45365960132995,16.21049857624178,17.890738418759387,7.749980794993535,16.706606090553407,31.10333824157715,36.154165150368044,19.36412180219789,7.095290660858152,7.938031264037303,4.636136709130455,collinare e montana,Umbria
4,Arrone,42.583433,12.7698649,2703,66.0,41.04,-0.4799189567565918,7,1,0.4757281553398058,2,0,0.0,13.751942598136365,6.99375254651259,12.296421308284518,33.30290260943737,21.477546617946192,27.72273349761963,4.4843296107355055,4.0126690584261215,3.4603915214538574,13.751942598136365,6.99375254651259,12.296421308284518,14.221094485215573,7.416701868222753,12.388707526456347,26.191957473754893,32.194737499707365,20.364873867475808,3.9706923961639418,4.8883654065328095,4.001205179559396,collinare e montana,Umbria
5,Assisi,43.071195200000005,12.614666900000001,28391,152.0,187.19,0.2207658886909485,31,5,1.3773584905660377,1,2,0.4622641509433962,16.80068760334025,10.309354871400004,14.800895226868914,36.37752301352365,23.978927150709648,29.15074062347412,5.392426848739059,5.35004689186054,3.993142366409303,16.80068760334025,10.309354871400004,14.800895226868914,16.374806533106803,7.611260994349582,14.722488785756008,29.00388145446777,34.44943900173658,20.63451427701992,4.464186191558838,5.669082627067827,4.464398288734,di valle,Umbria
6,Attigliano,42.51433370000001,12.2925076,2012,191.0,10.51,2.8720507621765137,0,0,0.0,0,0,0.0,24.425613491608328,13.564880650468776,20.417067133718067,41.66369844792963,24.86681992885468,34.5266170501709,13.21073319885757,7.254697330549134,10.94324779510498,24.425613491608328,13.564880650468776,20.417067133718067,22.37326766955389,9.674192276219474,20.71935388114717,32.58686065673828,37.86806899292829,20.49984492109779,11.731197357177734,12.57893384188822,5.8810286277483,collinare e montana,Umbria
7,Avigliano_Umbro,42.654834,12.426165,2453,48.0,51.34,-1.9491087198257449,0,0,0.0,0,0,0.0,16.324548819128662,7.6320083524057125,14.849294149627287,32.345362647549145,16.488200054178584,28.99746990203857,7.407717001962137,4.93111456753837,6.0870423316955575,16.324548819128662,7.6320083524057125,14.849294149627287,16.244558291104536,7.256428567692147,14.859865720782961,26.3166618347168,29.989389437845308,14.709593394643314,6.886859893798827,7.793666254820889,4.697344363821858,collinare e montana,Umbria
8,Baschi,42.670283500000004,12.2161353,2683,39.0,68.57,-2.620295286178589,8,2,0.2452830188679245,1,0,0.0,18.341597632097567,9.204809054862736,16.371190472755558,36.18899461201259,20.48132274089904,30.419757843017567,8.191129949721661,5.15723689393345,6.916329383850098,18.341597632097567,9.204809054862736,16.371190472755558,17.797337050710198,7.584994386032982,16.683468364422616,29.747783660888672,33.588683990583036,16.928647258582558,7.863472461700439,8.506553555188113,4.762673873317648,collinare e montana,Umbria
9,Bastia_Umbra,43.0677554,12.5495816,21714,787.0,27.6,2.2486557960510254,25,3,0.8962264150943396,0,1,0.2169811320754717,21.442867857226666,13.439913451059446,17.357256729776662,37.49226592137264,26.05829663736048,28.78600597381592,13.355777399880544,8.877655811714654,10.401594638824463,21.442867857226666,13.439913451059446,17.357256729776662,20.165346521529536,9.367288177804594,18.458385934432343,28.462825775146484,34.65223171808948,22.783443600387496,11.651838302612305,12.722304014310446,6.477983170401868,di valle,Umbria
10,Bettona,43.013614000000004,12.4847565,4322,96.0,45.08,1.0920014381408691,2,1,0.2735849056603773,0,0,0.0,17.785007812352948,10.790956619673867,15.53578876124488,32.604222391987896,19.805738954711988,27.40168857574463,9.077618939535958,5.585165839953248,7.504962205886841,17.785007812352948,10.790956619673867,15.53578876124488,17.18349779784498,7.767148820472799,15.700270246134865,25.96410179138184,30.15952459492096,16.265825913450133,8.46315860748291,9.197273679955364,4.894704853156062,collinare e montana,Umbria
11,Bevagna,42.9340752,12.6091209,4919,87.0,56.22,-0.07366465032100677,4,2,0.28846153846153844,0,1,0.009615384615384616,19.23069506022718,10.411818530032424,16.531891231996973,34.27201714358487,19.678174991216405,28.58158779144287,9.011215806662381,5.4580131093541695,7.410832405090331,19.23069506022718,10.411818530032424,16.531891231996973,18.32514246917529,8.113861593871517,16.571854388504697,27.797351837158203,31.84634374069841,16.709893616832908,8.31744384765625,9.04343857830518,4.812157054241147,di valle,Umbria
12,Calvi_dell_Umbria,42.4031242,12.567432,1765,39.0,45.79,-1.8084770441055296,1,0,0.0,0,0,0.0,19.48418283853134,9.107098438495873,16.902174603504438,39.90447761200287,21.971000558789633,33.05238914489746,7.7361040593503585,5.400865326546247,6.276035785675049,19.48418283853134,9.107098438495873,16.902174603504438,18.560743548344504,8.19588173720032,17.19931369336943,30.16707420349121,35.51111330790062,19.455328957823347,6.947653293609619,7.793134227027633,4.861737965788762,collinare e montana,Umbria
13,Campello_sul_Clitunno,42.8228682,12.776263499999999,2392,48.0,49.76,-1.6353470087051392,1,0,0.0,0,0,0.0,10.864716085844123,7.211362135396018,9.060455766107351,26.608106969477053,13.034662475020205,23.68157005310057,5.179201631755619,4.868865269700871,3.651497006416321,10.864716085844123,7.211362135396018,9.060455766107351,11.711329978612394,7.408590434075121,9.821147080451725,22.36709213256836,26.80236407893977,14.803007200197538,4.24376916885376,5.511103979202166,4.598284782670474,collinare e montana,Umbria
14,Cannara,42.994741999999995,12.579363,4305,131.0,32.81,-0.1115819662809372,0,0,0.0,0,0,0.0,19.600262260883586,11.184618656835392,16.786312768333836,33.54962296014304,19.97734164289128,28.38989067077637,9.561631854418867,5.719632755369457,7.633841037750244,19.600262260883586,11.184618656835392,16.786312768333836,18.604852786649808,8.287131449999478,17.01034806590331,26.93862152099609,31.07704411467461,16.952953481999128,8.804224014282227,9.597058870367807,5.036707011975785,di valle,Umbria
15,Cascia,42.7170082,13.0135022,3068,17.0,180.85,-0.1841239631175995,9,2,0.2735849056603773,1,0,0.0,10.188554932546039,7.352910246685925,8.028096582062055,25.920859391872696,21.1082938004078,20.11686992645264,3.4005611583918007,3.7454158940328015,2.4633097648620605,10.188554932546039,7.352910246685925,8.028096582062055,11.349484922873009,8.090060536742984,9.418568703521977,19.82642936706543,28.14771780510471,23.134033904731435,2.7479677200317383,3.743167542288565,3.6094045037441553,collinare e montana,Umbria
16,Castel_Giorgio,42.7078943,11.9793909,2099,50.0,42.14,-2.4915034770965576,21,1,0.12745098039215685,0,0,0.0,13.686844116292296,7.609307232663492,11.805390031587693,28.226682723223508,20.42064357977419,23.01017951965332,5.251182409433218,3.4880486991751285,4.4372992515563965,13.686844116292296,7.609307232663492,11.805390031587693,14.00156862139219,6.939437010862907,12.722521254452325,21.88880157470703,26.84010010549467,17.662589755746716,4.736016273498535,5.663928032247987,3.851515761449497,collinare e montana,Umbria
17,Castel_Ritaldi,42.823260100000006,12.6722871,3156,141.0,22.44,0.2365788817405701,5,0,0.0,0,0,0.0,19.038066265802463,9.525554770359467,16.409262595971427,32.38088208502466,17.343614929429698,28.04347515106201,10.1455010503203,5.665220399953783,7.981090307235718,19.038066265802463,9.525554770359467,16.409262595971427,18.18291043494336,8.006949082476716,16.654168685277302,26.24992370605469,30.03420233791821,15.83277365530426,9.19170093536377,10.07817604019217,5.1255513808539055,collinare e montana,Umbria
18,Castel_Viscardo,42.75467379999999,12.001302800000001,2825,108.0,26.22,0.2003045529127121,10,5,1.4528301886792452,1,1,0.07547169811320754,17.425411623517846,9.150417081269907,15.294160025684455,32.966905263754036,19.276834309142984,28.04270362854004,9.207855558002388,5.396446261379856,7.5329272747039795,17.425411623517846,9.150417081269907,15.294160025684455,17.113717669255742,7.321517296068118,16.128503684411967,27.14894294738769,30.00432551397036,14.704473825619814,9.062792778015137,9.53199018288965,4.751861479428158,collinare e montana,Umbria
19,Castiglione_del_Lago,43.127140999999995,12.04525,15382,75.0,205.26,0.010793693363666534,24,3,0.9528301886792452,2,2,0.2452830188679245,19.597077843585414,13.801320895737089,16.358544153723734,38.52842745414147,30.56264648055441,28.834821701049805,5.6893955927628745,4.064947508309693,4.5816824436187735,19.597077843585414,13.801320895737089,16.358544153723734,18.285613359631764,8.180215728276194,17.00903695984931,28.31266784667969,34.424571228027354,20.31679647634355,4.671616077423097,5.7951276354593775,3.8822261065387296,collinare e montana,Umbria
20,Cerreto_di_Spoleto,42.8210425,12.9176291,1012,14.0,74.78,0.35072600841522217,0,0,0.0,0,0,0.0,12.407388971007194,7.0890434619704505,10.76877922088176,25.23139433808379,12.534127017095953,22.29633045196533,5.384548160401019,4.8891686795536105,3.879379272460937,12.407388971007194,7.0890434619704505,10.76877922088176,13.16813181377883,7.4458533939424765,11.472039266346812,21.91643524169922,26.661615627759122,15.23418821967507,4.483688831329347,5.701023060328339,4.559425160965174,collinare e montana,Umbria
21,Citerna,43.498406700000004,12.1155164,3463,147.0,23.53,0.5354872941970825,5,1,0.02884615384615385,1,0,0.0,18.876124977725716,14.48973852622833,16.181117592255276,32.985722662328364,28.30920526989779,25.79922389984131,5.6983046177979375,4.183695352610834,4.614403963088988,18.876124977725716,14.48973852622833,16.181117592255276,17.47012549068558,8.01075708891919,16.2004123767217,25.36609649658203,29.861984289508968,18.50133811145217,4.720793724060059,5.835147050308857,3.987684237936536,collinare e montana,Umbria
22,Citta_della_Pieve,42.9527338,12.004325999999999,7689,69.0,110.94,0.05742406845092773,23,1,0.2641509433962264,1,1,0.018867924528301886,17.692683602630122,10.19566760495727,15.634374556087312,33.34220396293389,23.51146074678111,26.9087438583374,5.530252346625695,3.625688839746866,4.623350381851196,17.692683602630122,10.19566760495727,15.634374556087312,17.065710929135072,7.422957479060463,16.005096240333778,25.65301513671875,30.464944143164647,18.275436624128734,4.7382164001464835,5.814366884754128,3.844440652406216,collinare e montana,Umbria
23,Citta_di_Castello,43.4574214,12.2403118,39192,101.0,387.32,1.0496640205383299,120,25,8.566037735849056,14,3,0.5849056603773585,17.112920993124327,13.411917432323165,14.223232126695676,50.9500837797647,49.221301815097846,35.27336311340332,4.551413122441742,3.4314141554924547,3.749012351036072,17.112920993124327,13.411917432323165,14.223232126695676,16.309435429024465,7.713541162332034,14.68462394833142,37.352317810058594,47.138397540784865,31.53953450094677,3.9239115715026855,4.9157638512245585,3.456098012134252,di valle,Umbria
24,Collazzone,42.9004677,12.4351856,3388,61.0,55.68,2.4429678916931152,6,1,0.21904761904761905,1,1,0.06666666666666668,19.161849114383987,10.420141160830244,16.552427316611663,34.11984452048501,20.02878989399364,29.216938972473145,10.70427692263991,5.905038277232458,8.487494945526121,19.161849114383987,10.420141160830244,16.552427316611663,18.273770993452693,7.951134126058895,16.93778525583399,26.987531661987305,30.788398698258074,15.536524281261391,9.889837265014648,10.540255378043817,5.124564629496746,di valle,Umbria
25,Corciano,43.1290269,12.287718,21469,337.0,63.72,-0.15188969671726227,37,3,1.0377358490566038,1,1,0.018867924528301886,17.535168430045285,11.104160004807731,15.108138584004815,34.47668771953373,23.11501476696708,27.8302001953125,8.462144246468178,5.231251220757968,6.793923377990723,17.535168430045285,11.104160004807731,15.108138584004815,17.222847874589988,7.89155360548422,15.936228445334027,28.2609920501709,32.35327851021127,17.840198582605453,8.278607368469237,8.817654869654406,4.858753737007771,di valle,Umbria
26,Costacciaro,43.360408899999996,12.7123784,1143,28.0,41.06,-1.1677874326705933,5,1,0.05,1,1,0.05,14.319018346696124,12.25687511042808,11.931733525225098,27.123158787633038,23.068177272103572,23.4877347946167,5.939629581275878,8.160674092656711,4.027034521102906,14.319018346696124,12.25687511042808,11.931733525225098,14.170406019889471,7.384323843554728,12.176468688817256,21.571992874145508,25.4249201304292,13.94258812768256,4.759284496307373,6.121777537995823,4.7927786769577585,collinare e montana,Umbria
27,Deruta,42.98229,12.4195878,9587,215.0,44.51,0.10629819333553314,15,5,0.9528301886792452,2,1,0.19811320754716985,20.057016102848294,12.075833762302327,16.96738138910412,37.55046196298285,25.35468274278027,29.35309410095215,9.400283475498576,5.498063097987281,7.625596761703491,20.057016102848294,12.075833762302327,16.96738138910412,18.977886957083328,8.403956344363607,17.431368597718173,28.906494140625,34.28766854952461,19.416297250763687,8.771880149841309,9.512900012813203,5.019532868234198,di valle,Umbria
28,Fabro,42.8634804,12.0128824,2733,79.0,34.55,0.05424366891384125,0,0,0.0,0,0,0.0,18.10238184825597,9.962081060440603,15.916875013460714,30.185417568290628,17.114343592088257,25.90361404418945,11.118634839634321,6.2748715823091175,8.991518497467041,18.10238184825597,9.962081060440603,15.916875013460714,17.562651758409665,7.51875470158405,16.477921932935715,24.96500968933105,27.911246294518037,13.22510863034398,10.550931930541992,11.17119537902205,5.243564492997541,collinare e montana,Umbria
29,Ferentillo,42.620767799999996,12.7887263,1839,26.0,69.59,-1.3708194494247437,1,0,0.0,0,0,0.0,12.922385146525578,6.74724000475559,11.42291925082604,30.282965109898488,14.990048007792867,26.64960289001465,4.801361923198123,4.787006642017748,3.3722628355026245,12.922385146525578,6.74724000475559,11.42291925082604,13.603704852037554,7.52421315430739,11.673321001529693,25.90952491760254,30.821803923828963,17.173047464667874,3.8101537227630615,5.1630267651930275,4.6374733620049975,collinare e montana,Umbria
30,Ficulle,42.8362745,12.0656093,1622,25.0,64.62,-2.9391674995422363,0,0,0.0,0,0,0.0,18.0889392074734,9.55124141421334,15.891081904061144,31.807628511072515,17.533903092224676,28.446720123291016,9.507203464324657,5.4102339562673,7.86645770072937,18.0889392074734,9.55124141421334,15.891081904061144,17.603805542105736,7.5261040468236375,16.568288595726088,26.13088417053223,29.31152728355094,14.141780303137036,9.235966682434082,9.894444038116767,4.944371747380734,collinare e montana,Umbria
31,Foligno,42.956182500000004,12.703334,56939,215.0,264.67,0.7586395740509033,44,9,3.0754716981132075,3,5,1.4245283018867925,14.674464437030926,8.488829068206785,13.016852810486126,45.2525973686805,32.234063766282176,34.55303382873535,4.107254367608291,3.516351280489493,3.2705607414245605,14.674464437030926,8.488829068206785,13.016852810486126,14.65290006256642,7.162779991469513,12.708910159530149,32.882640838623054,41.89685898872271,30.511303766116534,3.804542064666748,4.579725909641344,3.5280436394860657,di valle,Umbria
32,Fossato_di_Vico,43.2976278,12.7598803,2738,77.0,35.39,-0.869345486164093,0,0,0.0,0,0,0.0,14.266652074204352,11.080413984829773,12.084565394691058,27.264775179244666,19.19478427400032,23.81807613372803,6.959371448218168,7.125641313277215,5.034933567047119,14.266652074204352,11.080413984829773,12.084565394691058,14.326651006974936,7.396648985943421,12.653410714297069,22.50316047668457,26.19720640574416,14.144196245818346,6.02290678024292,7.239119722091987,4.8673425261883185,collinare e montana,Umbria
33,Fratta_Todina,42.8579783,12.3646718,1840,106.0,17.43,-1.1414637565612793,5,3,0.9905660377358492,0,0,0.0,20.454679954121964,11.432805540350428,17.37129921656029,33.27952721354725,18.749251671016225,28.455910682678226,11.047611440931046,6.228414532648539,8.862645149230957,20.454679954121964,11.432805540350428,17.37129921656029,19.370880493437642,8.390768518340161,17.856243054072067,26.95114707946777,30.32549402942396,15.576204770437615,10.33084774017334,11.036798722123446,5.33454175090246,collinare e montana,Umbria
34,Giano_dell_Umbria,42.8334672,12.577711099999998,3813,86.0,44.48,1.7332770824432373,5,4,0.9387755102040816,1,1,0.19387755102040816,16.096722540768276,8.153345866161779,14.63839931223999,29.51367336315113,13.676201065844753,26.22939682006836,6.5838515286917225,5.056377947782146,5.223358631134033,16.096722540768276,8.153345866161779,14.63839931223999,15.913732348973186,7.3016404426802115,14.263906352352677,25.68680191040039,30.342955815302183,16.22517337935673,5.809267044067383,6.7100460932679376,4.504664737901889,collinare e montana,Umbria
35,Giove,43.0814783,12.775591,1874,124.0,15.09,-2.70854115486145,49,5,1.8229166666666667,2,3,0.5104166666666666,22.67015129006975,11.63982889360754,19.82146612803141,39.568506282764474,21.293129194985283,32.99970245361328,12.258628056599546,6.540269783908715,9.862948894500732,22.67015129006975,11.63982889360754,19.82146612803141,21.071065563255136,8.894189600946564,19.821521894498304,31.518341064453125,35.93036911324279,18.10479421427476,11.01454257965088,11.74148120112615,5.553808736627693,collinare e montana,Umbria
36,Gualdo_Cattaneo,42.90940870000001,12.5558159,5827,60.0,96.63,2.0470283031463623,19,5,1.8269230769230769,0,2,0.4519230769230769,17.89075691322011,9.54818828498816,15.743079493645908,31.10119577030559,17.418758462837733,26.99428749084473,9.203370794490144,5.399493473088883,7.450744390487671,17.89075691322011,9.54818828498816,15.743079493645908,17.284326700673347,7.651586085741964,15.65254536615748,24.91905212402344,28.836921171946074,13.95594420086328,8.521462440490723,9.271226503097848,4.848698535302224,collinare e montana,Umbria
37,Gualdo_Tadino,43.2316518,12.7809617,14730,119.0,124.29,-0.8507810235023499,7,0,0.0,0,0,0.0,14.271780903358525,10.100406858773573,12.390169469326654,28.88821441000634,19.321291458622266,25.49144840240477,5.116145682695149,5.99880285470995,3.3197447061538705,14.271780903358525,10.100406858773573,12.390169469326654,14.473560540989851,7.373475386925103,12.689070556774613,24.81125259399414,28.94233812697946,15.715119600244506,4.148252010345459,5.377518299589418,4.481879133339586,collinare e montana,Umbria
38,Guardea,42.623382299999996,12.297664300000001,1774,45.0,39.38,-2.3348774909973145,1,1,0.05,1,0,0.0,19.344005592337552,9.501264014793618,17.00167668800728,37.26457854679653,20.304574459687323,31.501511573791504,8.535936194461781,5.242591620785934,7.123677730560303,19.344005592337552,9.501264014793618,17.00167668800728,18.522193494041684,7.862474834452004,17.165930278160992,29.53294563293457,33.96060365912032,17.114996361237367,7.810443878173827,8.745117270783203,4.8479257549906745,collinare e montana,Umbria
39,Gubbio,43.3517882,12.5772674,31324,60.0,525.78,-0.3478788435459137,76,8,1.9811320754716983,1,1,0.1792452830188679,14.966822123385365,11.667508036913016,12.899444457900719,42.82535020597688,34.40776443184617,32.755582809448235,6.06587554858281,6.264013168215238,4.572859525680542,14.966822123385365,11.667508036913016,12.899444457900719,14.772826118176944,7.402180029289348,13.060206114598383,33.00482177734375,39.51239545116686,23.080177741334023,5.479633331298828,6.227166515343809,4.163996845645729,collinare e montana,Umbria
40,Lisciano_Niccone,43.246844,12.14305,600,17.0,35.18,-0.5052897334098816,0,0,0.0,0,0,0.0,16.837763073158964,12.995182372897133,14.216861207310743,30.697931546431324,23.437216630836808,25.091737747192386,8.328634055106193,6.699095784409582,6.698507070541383,16.837763073158964,12.995182372897133,14.216861207310743,16.261224761242485,7.673586769258603,14.987799068776571,25.090496063232425,28.41808514137791,14.3871122222231,7.573655128479004,8.457593489019839,4.880331261464422,collinare e montana,Umbria
41,Lugnano_in_Teverina,42.574225899999995,12.330784800000002,1433,48.0,29.83,-1.111910343170166,3,1,0.15476190476190474,0,0,0.0,18.834214660271602,8.973546884700108,16.352063989126552,36.52827104631361,19.14762704985544,31.464214324951172,8.720577784946986,5.309400104626809,7.4587135314941415,18.834214660271602,8.973546884700108,16.352063989126552,18.094530255263106,7.75300009817171,16.81290320042641,29.08489227294922,33.35558854978378,16.735251287561503,7.749216556549072,8.832425418618607,4.902028437222902,collinare e montana,Umbria
42,Magione,43.142736600000006,12.2034965,14806,114.0,129.73,-0.7848528623580933,20,4,1.1132075471698113,0,0,0.0,18.79345699305791,12.599379097041247,15.941732564658828,34.60907126521016,25.108507574197372,28.00371551513672,8.541798374155066,5.10054371826379,6.941952466964723,18.79345699305791,12.599379097041247,15.941732564658828,18.085045546395488,8.295759251025334,16.70725273593398,29.359378814697266,33.25273442725613,18.81812857238861,8.105230331420897,8.882720535748625,4.944604126752648,collinare e montana,Umbria
43,Marsciano,42.9100282,12.337041900000001,18503,115.0,161.49,0.3529401123523712,14,4,1.6792452830188682,1,1,0.4433962264150944,20.058568558683906,12.001762575953839,16.954461607912727,38.6517782001705,24.795952130722732,30.470751762390137,9.770199976779605,5.519301952382722,8.007825374603271,20.058568558683906,12.001762575953839,16.954461607912727,19.048838886221805,8.410572919836879,17.64817049083384,31.41232490539551,36.19829901603804,19.95382994244854,9.0891695022583,9.74349482941301,4.915072299232134,di valle,Umbria
44,Massa_Martana,42.773137,12.524966000000001,3697,47.0,78.41,-0.15775486826896667,4,1,0.1836734693877551,0,0,0.0,16.84525643904447,8.276889863217328,15.117925401911675,32.706600498367145,16.460188196251384,28.433539390563965,6.397159431989378,4.960344952770174,4.959315061569214,16.84525643904447,8.276889863217328,15.117925401911675,16.44982360126026,7.369913396370226,14.877347087285605,26.9643611907959,30.985341735735325,15.232146785881591,5.690634250640869,6.538061887760684,4.289229993500661,collinare e montana,Umbria
45,Monte_Castello_di_Vibio,42.8406941,12.352286300000001,1504,47.0,31.95,-1.1387327909469604,0,0,0.0,0,0,0.0,17.942039164011074,9.243839437418682,15.762263674537339,33.50028802536346,18.496221641280595,28.41843414306641,8.974484715487929,5.3117708461399245,7.261636018753053,17.942039164011074,9.243839437418682,15.762263674537339,17.46811448960816,7.53546351903925,16.200014032920198,26.99950408935547,30.651950705541324,15.562025206118513,8.564888000488281,9.239436970998165,,collinare e montana,Umbria
46,Monte_Santa_Maria_Tiberina,43.4377812,12.1625435,1144,16.0,72.53,-0.77161705493927,0,0,0.0,0,0,0.0,15.67742820771558,12.575210235867784,12.932452582004592,30.77007701370742,23.75063210058709,26.04197120666504,6.992995721953256,7.05793370651579,5.067569971084595,15.67742820771558,12.575210235867784,12.932452582004592,15.117052168606872,7.412684744562568,13.691112818150986,25.6727294921875,28.779618102557038,15.367225358513195,5.959976196289063,7.0524846557068495,4.720476152579661,collinare e montana,Umbria
47,Montecastrilli,42.652434,12.488567,4936,79.0,62.43,-0.03292367607355118,6,2,0.4056603773584906,0,1,0.05660377358490566,18.39832564227896,8.541897233939444,16.63396280967828,33.941312224000356,16.02081886900752,29.51943397521973,10.819066367961547,5.91843961024896,8.90808916091919,18.39832564227896,8.541897233939444,16.63396280967828,17.885539750893763,7.645820749096345,16.383932474887732,28.289764404296875,32.407853082108176,15.971882919628367,9.80292797088623,10.499817181286746,5.138488172388847,collinare e montana,Umbria
48,Montecchio,42.663533,12.286862,1597,32.0,49.22,-1.4462810754776,2,0,0.0,1,0,0.0,16.624269441507536,8.165095488427182,14.441255553432233,34.364455799480055,18.027747273604948,29.80585479736328,7.248856661083933,5.159854883019658,5.771510124206543,16.624269441507536,8.165095488427182,14.441255553432233,16.419461577262098,7.327017879293053,15.371721039028287,27.90963363647461,31.6925044281842,15.587564037106633,6.605507373809815,7.577602807952932,4.676252288143038,collinare e montana,Umbria
49,Montefalco,42.8918739,12.650067300000002,5505,79.0,69.51,-0.7236524820327759,1,0,0.0,0,0,0.0,19.8323015677505,10.428422110045245,16.828565893239446,32.79091502283956,18.05486543203943,28.04682731628418,11.781404719247925,6.67425103736773,9.41196870803833,19.8323015677505,10.428422110045245,16.828565893239446,18.757259947780515,8.272939604684668,17.053632558054396,25.759174346923828,29.916791209129443,15.643063859910765,10.600278854370117,11.255245957962458,5.495154396738188,collinare e montana,Umbria
50,Montefranco,42.5977353,12.7652595,1298,129.0,10.09,-1.2365500926971436,3,1,0.4680851063829787,0,1,0.1276595744680851,18.583652491616462,8.45123633835406,16.395321000845,32.879655900892324,17.82132554324734,28.97977542877197,10.472946624179464,5.701688379040338,9.189350605010986,18.583652491616462,8.45123633835406,16.395321000845,18.070342234300444,8.047270824141439,16.23705835525806,26.37125587463379,31.301935467654708,16.790921070914305,9.252610206604004,10.170051488484422,5.3288320071680335,collinare e montana,Umbria
51,Montegabbione,42.9210065,12.092364100000001,1157,23.0,51.06,-2.5917367935180664,0,0,0.0,0,0,0.0,14.853605738011215,8.554078431569524,13.106516964197937,27.0314576966422,14.697576453237069,23.80205154418945,7.554598781433734,5.412696431171166,6.042348861694336,14.853605738011215,8.554078431569524,13.106516964197937,14.923496442024865,7.019006661788229,13.638288108741536,22.78895378112793,25.559951105509718,12.210287900434757,6.903034210205077,7.923032443817347,4.626960645160423,collinare e montana,Umbria
52,Monteleone_d_Orvieto,42.9184935,12.051144800000001,1380,57.0,24.1,-2.7761895656585693,0,0,0.0,0,0,0.0,16.113840167011535,9.16692804081848,14.472421487172447,25.1737555042728,13.910964685726276,22.004716873168945,10.14382121851156,5.963882054780897,8.350930690765379,16.113840167011535,9.16692804081848,14.472421487172447,15.929409075627046,7.223813262531839,14.778006116549172,21.066333770751953,23.765241480526857,11.513607703903055,9.610197067260742,10.372746406189384,5.205389038549448,collinare e montana,Umbria
53,Monteleone_di_Spoleto,42.6510059,12.9515599,580,9.33,62.18,-1.7747602462768557,0,0,0.0,0,0,0.0,9.855082122942546,7.069832202673084,7.566048972416612,22.912676213861822,21.7032450883695,16.649134635925293,3.62821087969856,3.772914494147248,2.713461637496948,9.855082122942546,7.069832202673084,7.566048972416612,11.061978275317829,7.958472407038706,8.959817820701048,17.232542037963867,24.64433424701429,22.07414832771284,3.088417053222656,4.019384767074291,3.7007604571202513,collinare e montana,Umbria
54,Montone,43.3623367,12.3263279,1614,32.0,51.1,0.20256155729293826,0,0,0.0,0,0,0.0,17.49771813747664,12.796932622059147,15.223501722782087,31.787582360781155,24.24263656280371,27.01335430145264,9.148564998920149,7.66585231339499,7.17207145690918,17.49771813747664,12.796932622059147,15.223501722782087,16.79757646664684,8.111576147759237,15.285879939030378,25.709285736083984,29.05828542056149,15.840364215447641,8.235337257385254,9.11559060991627,5.070337132822289,collinare e montana,Umbria
55,Narni,42.5195891,12.5152257,18887,95.0,197.99,-0.9515722990036012,8,2,0.8396226415094341,2,2,0.6886792452830188,22.164989740287083,11.119454141649422,19.35469061181644,51.51441956090404,29.281084710216174,43.02622604370117,5.515321622838031,3.884885577842808,4.538498878479004,22.164989740287083,11.119454141649422,19.35469061181644,20.75736448678112,8.798041030933382,19.09751110863088,42.5776596069336,53.15158158916317,35.787022111591504,5.028047561645508,5.843432577587154,4.012266401777449,conca ternana,Umbria
56,Nocera_Umbra,43.1136188,12.7886085,5647,36.0,157.17,-0.782055139541626,6,1,0.4742268041237113,0,1,0.24742268041237114,12.403252418522312,8.972441845944461,10.12686816750517,26.87505894702869,17.07126573542594,23.52469825744629,4.668747980679784,5.332949065954208,3.0215413570404053,12.403252418522312,8.972441845944461,10.12686816750517,12.929322219065789,7.248440382214327,11.105688965334986,22.62898063659668,27.639041850991443,15.478006050433347,3.827908992767334,4.9284047226791525,4.323321897979446,collinare e montana,Umbria
57,Norcia,42.7924117,13.092927900000001,4764,17.0,275.58,1.5923091173171997,5,1,0.16981132075471694,0,0,0.0,9.776748655352732,7.85241481142966,7.4781231654722715,27.28252611055479,23.014198580507703,20.94308948516846,2.8747725759397498,3.6777587672668015,1.9486624598503115,9.776748655352732,7.85241481142966,7.4781231654722715,10.935995402014179,8.10482239311456,8.817260788585626,21.151193618774414,30.461244001780468,28.58756852512857,2.0646772384643555,3.1863986500730253,3.503126791957913,collinare e montana,Umbria
58,Orvieto,42.7186152,12.108790699999998,20290,72.0,281.27,0.19801193475723267,57,17,3.8584905660377364,7,6,1.1226415094339623,18.001455451945926,9.27239428434082,15.816444027305687,42.044969763074604,26.347983651075047,35.44913291931152,5.23336753150919,3.4361180558995152,4.400279521942139,18.001455451945926,9.27239428434082,15.816444027305687,17.61034332678291,7.4622009118052235,16.6084028186999,34.30565643310547,40.656212041149395,23.073620200054368,4.9020771980285645,5.60825345189604,3.70584206039502,di valle,Umbria
59,Otricoli,42.4230234,12.4776861,1807,66.0,27.53,-0.2711977958679199,0,0,0.0,0,0,0.0,24.33849309045765,12.865026339563036,21.254543919189306,40.922257051363104,22.72094464366064,33.59381103515625,12.927528156028998,6.828143155732769,10.977548122406006,24.33849309045765,12.865026339563036,21.254543919189306,22.258058419228878,9.642091719363401,20.436089466599856,30.281930923461914,35.908259302949254,19.049503589243525,11.55846118927002,12.27145239751633,5.641397373239652,collinare e montana,Umbria
60,Paciano,43.0224336,12.070523300000001,968,57.0,16.91,-0.99708354473114,0,0,0.0,0,0,0.0,18.26769582951665,11.782193706899777,15.674728627909314,31.13627683199369,21.857665340011806,25.24624919891357,9.457282895570273,5.602800423268392,7.853752136230469,18.26769582951665,11.782193706899777,15.674728627909314,17.360024794355972,7.712661262108508,16.39447817657933,24.34444236755371,27.800609983156804,13.733390506671018,9.012055397033693,9.605575569361855,4.996514655677243,collinare e montana,Umbria
61,Panicale,43.0290588,12.098363699999998,5509,70.0,79.26,-0.23873017728328705,10,0,0.0,0,0,0.0,18.22778407993597,11.605302742461324,15.590242747302467,32.177348011142605,22.73349903447157,26.586251258850087,9.390298397986443,5.4919771630387935,7.584164142608643,18.22778407993597,11.605302742461324,15.590242747302467,17.47597690866515,7.840215939784107,16.3775287153514,25.69780158996582,29.09521957162309,14.67448606350635,9.005147933959961,9.510216098942168,4.8911746741337785,collinare e montana,Umbria
62,Parrano,42.8639326,12.1061279,489,12.0,40.09,-1.1673455238342283,0,0,0.0,0,0,0.0,15.918036507690886,8.525305780846164,14.303887514316521,29.988495564722754,16.212974597546328,27.057217597961426,8.287130727872743,5.315291143912719,6.501673698425293,15.918036507690886,8.525305780846164,14.303887514316521,15.904407963460724,7.115206879318108,14.749510835969089,24.52836608886719,27.84376913096807,13.274974083472927,7.9996604919433585,8.646519491117294,4.625476710402243,collinare e montana,Umbria
63,Passignano_sul_Trasimeno,43.1847425,12.136838000000001,5679,70.0,81.33,-0.5876464247703552,5,2,0.2692307692307692,1,0,0.0,18.32984855666888,13.545091122824244,15.413187682007749,33.979580318534765,25.540124953022474,27.683853149414066,8.374957190110134,5.8683174166114656,6.881245851516724,18.32984855666888,13.545091122824244,15.413187682007749,17.44299364846102,7.966519719426812,16.038051363701626,26.716562271118164,30.79494768430109,15.975689811314053,7.910914897918701,8.562520534698278,4.809976760053807,collinare e montana,Umbria
64,Penna_in_Teverina,42.4929518,12.3556482,1076,108.0,10.0,-1.4748632907867432,0,0,0.0,0,0,0.0,22.984857763655675,11.923743946843365,20.021105533838274,38.07752364022391,19.874162856155273,32.178650856018066,13.313300938396663,7.338652079179813,11.010758876800537,22.984857763655675,11.923743946843365,20.021105533838274,21.28974421877295,8.980624392062488,19.870879324277247,30.01543045043945,34.35254686042054,17.30859299940122,11.958206176757812,12.654982911723936,5.944217540817329,collinare e montana,Umbria
65,Perugia,43.1119613,12.3890104,166969,371.0,449.51,0.9940680861473083,332,51,14.971698113207545,11,16,4.264150943396227,18.397317599351748,11.792530603032752,15.699739689269073,41.03779376208127,29.86141238901121,30.82847881317139,6.591101303205385,4.7268368819855855,5.276277303695679,18.397317599351748,11.792530603032752,15.699739689269073,17.824523668503204,8.147860716857243,16.462543279056433,35.713287353515625,41.80536984744137,24.627422043079065,5.958652496337893,6.861710081035144,4.301941706429966,di valle,Umbria
66,Piegaro,42.969772,12.0863466,3531,36.0,99.18,-1.3598129749298096,2,0,0.0,0,0,0.0,16.719325215186103,9.917978863919641,14.752131971913247,31.88093073813469,20.03374219407848,26.948057174682607,8.259790344552679,5.3516205736159295,6.7166502475738525,16.719325215186103,9.917978863919641,14.752131971913247,16.339739099244472,7.315029996542022,15.105783407540285,25.81063461303711,29.380944859491635,14.916828860840953,7.7317633628845215,8.542769840972065,4.678402049627175,collinare e montana,Umbria
67,Pietralunga,43.4422051,12.4371945,2049,15.0,140.42,-1.116891622543335,6,1,0.3113207547169811,0,1,0.2358490566037736,14.389963805039596,13.263063474187454,11.767380683315608,29.33729164416973,27.710649260172246,24.71097755432129,7.333098256980982,8.022211094421879,5.2299535274505615,14.389963805039596,13.263063474187454,11.767380683315608,14.163444610403445,7.391395644443826,12.563103432650173,22.75609016418457,26.543443115443395,13.76321870727311,6.5928874015808105,7.504628112544752,4.764315075166435,collinare e montana,Umbria
68,Poggiodomo,42.711239,12.933876,96,2.39,40.09,-5.251338005065918,0,0,0.0,0,0,0.0,9.540226871240364,7.202692141759702,7.420084146088829,18.1628147481562,10.826443005710416,14.955488681793213,4.783670364991648,5.0460565690681705,3.224500298500061,9.540226871240364,7.202692141759702,7.420084146088829,10.744741037089863,8.097675282660596,8.850271024540358,16.463018417358402,20.667667672405504,15.148467115097619,3.7119474411010738,5.106258841777501,4.825050314296639,collinare e montana,Umbria
69,Polino,42.5848236,12.842801800000002,223,11.0,19.57,-1.7274158000946045,0,0,0.0,0,0,0.0,10.149612585492024,7.080034915625728,7.793340548321053,24.66132125225696,21.543774695828386,18.79199981689453,4.0888570222880825,3.888497120718971,3.0801664590835585,10.149612585492024,7.080034915625728,7.793340548321053,11.303518884154794,8.02502881723857,9.082818192832264,18.510725021362305,25.44865604165482,20.88293932431481,3.5617270469665527,4.5084067294858885,3.9166758053717134,collinare e montana,Umbria
70,Porano,42.681709600000005,12.102061500000001,1910,140.0,13.6,-0.2183169722557068,30,8,2.89622641509434,4,3,0.8962264150943396,15.473012098197986,8.244404712271791,13.373061415941816,26.07988967476311,13.641307754528675,22.86426830291748,9.214524648346744,5.431686787481558,7.553065538406372,15.473012098197986,8.244404712271791,13.373061415941816,15.568184868586972,7.1238900950855015,14.689659763073573,22.10873794555664,24.89502906538036,12.29095185034167,9.030896186828613,9.530787064277963,4.854984429048539,collinare e montana,Umbria
71,Preci,42.8792351,13.0387461,714,8.7,82.03,0.4555545747280121,4,2,0.2903225806451613,0,0,0.0,10.974559599005325,7.649894507056322,8.828757244838428,23.39776660845829,12.937359596253915,20.262322425842285,4.987143382757575,4.903729449414544,3.4687286615371704,10.974559599005325,7.649894507056322,8.828757244838428,11.899710665712865,7.537813837159888,10.060823373870765,20.28533172607422,24.765000748307727,14.216568725177964,4.0919270515441895,5.382975973454242,4.685914037857323,collinare e montana,Umbria
72,San_Gemini,42.6127014,12.5465047,4911,176.0,27.9,-0.2350877821445465,22,6,1.9056603773584904,0,1,0.2641509433962264,21.449862193761284,10.847747605020835,18.16770701072155,37.318611705696185,20.65833015923421,32.2586669921875,12.038590058520601,6.3914424968744985,10.23009967803955,21.449862193761284,10.847747605020835,18.16770701072155,20.12008130164535,8.642699114820939,18.36432623404723,28.855693817138672,33.991513121617984,18.27877100507328,10.674930572509766,11.585450318088267,5.429141358195581,collinare e montana,Umbria
73,San_Giustino,43.5489804,12.1758298,11104,139.0,79.98,0.5978834629058838,17,7,2.4056603773584904,1,1,0.2735849056603773,15.814192554367075,15.663240032999914,12.737720303843885,37.32222827974257,35.367619649742544,26.81162166595459,4.759385214729623,3.7802761110013967,3.929749846458435,15.814192554367075,15.663240032999914,12.737720303843885,15.032499082713807,7.393088467061897,13.638231874898429,28.99306678771973,33.333844388674386,19.21986359774089,4.2371039390563965,5.188230384375951,3.6752026565166354,di valle,Umbria
74,San_Venanzo,42.869337,12.269859,2197,13.0,169.45,0.5537936091423035,1,1,0.1509433962264151,0,0,0.0,15.954694103906432,8.473043350059513,14.139617404745273,35.46864634817773,20.20804905935713,30.59794998168945,7.249596733968335,4.6070767057568895,5.930258989334106,15.954694103906432,8.473043350059513,14.139617404745273,15.922704657810295,7.1254630699205626,14.619954259048962,28.07855224609375,32.58650240440891,16.665684468260785,7.039295673370361,7.727876704523008,4.443877864276549,collinare e montana,Umbria
75,Sant_Anatolia_di_Narco,42.733757700000005,12.8355862,546,12.0,46.55,-0.6142829060554504,0,0,0.0,0,0,0.0,11.727130409964195,6.687732297029315,10.120696506494738,28.05564206511109,13.636709260028141,24.926541328430176,4.520959531499462,4.897336969781125,2.9649174213409424,11.727130409964195,6.687732297029315,10.120696506494738,12.577754766355381,7.47824650772624,10.635276477671033,23.68414688110352,29.17029422603241,17.50069234022692,3.3758432865142822,4.807059411847428,4.562306092288607,collinare e montana,Umbria
76,Scheggia_e_Pascelupo,43.4182657,12.7126783,1347,21.0,64.16,-1.4041311740875244,2,0,0.0,0,0,0.0,13.61636409687108,12.949441571295635,10.928614224990213,23.74275765314207,23.151372901386388,19.97786808013916,7.762954713224055,8.541242083265821,5.840519189834595,13.61636409687108,12.949441571295635,10.928614224990213,13.58820992249423,7.324063212658283,11.782679276996193,18.40829467773437,22.349885137113805,12.282639067586105,6.931380271911621,8.00847235934375,5.038633136966767,collinare e montana,Umbria
77,Scheggino,42.712556299999996,12.831366300000001,464,13.0,35.85,-0.7861165404319763,0,0,0.0,0,0,0.0,12.685063831228607,6.632388268025558,10.970775790512562,27.976841806055425,13.540128005895786,24.95462131500244,4.7853476369937695,4.924834243713722,3.332472562789917,12.685063831228607,6.632388268025558,10.970775790512562,13.40963525654784,7.388773154823317,11.53521005285007,23.68681907653809,28.841743636457892,16.363349949683798,3.773380279541016,5.093193387617804,4.618013328272331,collinare e montana,Umbria
78,Sellano,42.88840870000001,12.9263286,1032,12.0,85.85,-1.8985364437103271,0,0,0.0,0,0,0.0,11.42036630739386,7.631288940193166,9.346476594843562,23.07961354674874,12.214279277905275,20.20790672302246,5.616388677076979,4.969708750182412,4.139841079711913,11.42036630739386,7.631288940193166,9.346476594843562,12.220484862299438,7.276951213114253,10.525101237117296,20.028833389282227,24.28074071701259,13.279197228058873,4.86260461807251,5.929488610404812,4.468290305857118,collinare e montana,Umbria
79,Sigillo,43.3313496,12.742284100000001,2321,88.0,26.48,-1.194368600845337,2,1,0.18811881188118806,0,0,0.0,13.855856700280418,11.562236477754945,11.491312627917994,30.481257470099482,25.77346655995441,24.54308891296387,3.82964274762096,3.6980316009234326,2.9727281332015987,13.855856700280418,11.562236477754945,11.491312627917994,13.852559001280058,7.318580853513097,11.963466502287808,23.31841468811035,28.98556738422341,18.332619535700342,3.5885558128356934,4.2903482108491735,3.5871874951725204,collinare e montana,Umbria
80,Spello,42.9909451,12.6717751,8464,137.0,61.65,-0.7303917407989502,7,2,0.6082474226804123,0,1,0.1958762886597938,18.327733309171524,10.404685167665262,15.75329379813146,34.55194159392473,20.34272804209958,29.67081069946289,5.754822368150227,5.4599236285861,4.33099365234375,18.327733309171524,10.404685167665262,15.75329379813146,17.490131635407355,7.8612049392768775,15.591546200089535,27.833431243896484,32.54728429611415,18.056519142367872,4.850987434387207,6.0581443233849255,4.581330176430263,di valle,
81,Spoleto,42.735512400000005,12.7363357,37767,108.0,348.14,0.4244736433029175,30,6,1.2947368421052632,0,1,0.010526315789473684,15.92159296437793,7.369574616638356,14.258817603597945,41.17557436555297,19.44400695362393,38.98310661315918,5.762805263092233,4.485029476875119,4.539130210876465,15.92159296437793,7.369574616638356,14.258817603597945,15.869882333976767,7.406864403733866,14.052411806338274,36.56366729736328,41.04560916587098,21.546542169294725,4.816224098205566,5.707980090951266,4.039372854306893,di valle,Umbria
82,Stroncone,42.502332,12.659972999999999,4766,67.0,71.17,-2.455649852752685,9,2,0.6981132075471698,3,1,0.29245283018867924,15.934213025860169,7.479818314817577,14.458902471077938,38.251370660551295,23.8633231131318,31.074321746826172,4.888514130652607,3.951191136361589,3.949864864349365,15.934213025860169,7.479818314817577,14.458902471077938,15.843764308469668,7.676982709404955,14.141145121592741,28.66699028015137,35.5146785736084,21.487036785593858,4.3310298919677725,5.1954911512054816,3.7876688726901055,collinare e montana,Umbria
83,Terni,42.5641417,12.6405466,110530,520.0,212.43,0.8795403242111206,124,11,6.962264150943396,4,3,0.6320754716981132,19.75223550841914,9.489788549776387,17.106671073853413,60.47561964097914,38.6469338208601,48.97052955627442,6.811709362399447,4.640705218995888,5.46019983291626,19.75223550841914,9.489788549776387,17.106671073853413,18.761578938620623,8.02094822879833,17.042095527236846,48.96874618530274,56.453095052013644,30.59599001985961,5.926666259765625,6.775854134028907,4.356464018373175,conca ternana,Umbria
84,Todi,42.7824434,12.406255400000001,16296,73.0,222.86,0.017983615398406982,5,1,0.11578947368421053,0,0,0.0,19.710519976774584,10.041152304369655,16.98401424809107,37.443586569566,19.477423858467837,32.31272506713867,8.858981388610799,5.0887621756074495,7.306065082550049,19.710519976774584,10.041152304369655,16.98401424809107,18.83020664097053,8.023102348531468,17.35662853381411,30.91153717041016,36.257553675403344,18.728767597546877,8.374482154846191,8.928663610432244,4.710882105566738,di valle,Umbria
85,Torgiano,43.028542,12.441360000000001,6655,177.0,37.66,-0.8194019794464111,22,1,0.08421052631578947,0,0,0.0,20.594901419673292,13.108014620025987,17.182626080617567,34.43221874551459,22.02054545311959,28.705795288085927,10.92067336643135,6.9920781623313415,8.412963390350344,20.594901419673292,13.108014620025987,17.182626080617567,19.45831768146088,8.940861706879248,17.51210781252175,26.351430892944336,31.21978286194475,17.31847876368793,9.609902381896973,10.59380589250016,5.608109878825592,di valle,Umbria
86,Trevi,42.8774972,12.747454699999999,8349,117.0,71.19,0.7987900972366333,6,2,0.4105263157894737,0,0,0.0,15.834209843496721,8.204334067310128,14.212598735377902,34.576083717765385,19.024492655613773,29.56267738342284,5.1558408455534295,4.812570636885089,3.7061384916305538,15.834209843496721,8.204334067310128,14.212598735377902,15.582758630792416,7.275835069353879,13.678358769335716,28.606460571289066,33.811192784244064,18.474879842729393,4.248690128326416,5.304644861654059,4.250848551817172,di valle,Umbria
87,Tuoro_sul_Trasimeno,43.206847700000004,12.074614599999999,3810,68.0,55.89,-1.0377726554870603,0,0,0.0,0,0,0.0,19.1582586940733,14.846032577745529,16.056409905565545,34.08215740224817,25.999594763087266,27.517476081848145,8.517482573514457,6.3292952934832005,6.788181781768799,19.1582586940733,14.846032577745529,16.056409905565545,17.83267819675837,8.04401473212919,16.669778079851294,26.659629821777344,30.68431068315898,16.006453293620144,7.652437210083008,8.581030872423355,4.851248404889078,collinare e montana,Umbria
88,Umbertide,43.3056365,12.336622199999999,16598,83.0,200.83,1.3161571025848389,29,4,1.0105263157894735,3,2,0.23157894736842105,17.41511267630841,12.497088749433413,14.874235975989597,41.49107037009775,32.647427969886685,30.93416023254393,7.623644986650446,6.196252633532724,6.0306756496429434,17.41511267630841,12.497088749433413,14.874235975989597,16.84761072822958,8.024828598128508,15.469442039509351,31.068004608154297,38.008365858417676,23.12913943324174,6.702139854431152,7.8551228418742145,4.723417876099972,di valle,Umbria
89,Valfabbrica,43.1588972,12.600896,3286,36.0,92.3,0.8689861893653871,8,3,0.4736842105263158,0,1,0.07368421052631577,16.0416205284168,10.768399142152905,14.275884910206484,31.83945923585157,20.831122692569352,26.834014892578125,8.095071000057262,5.5522512361284075,6.781331539154053,16.0416205284168,10.768399142152905,14.275884910206484,15.861025870510169,7.626591969389493,14.094611560668405,25.73888397216797,29.68433853959384,16.050027078615283,7.477567672729492,8.438523645923562,4.924131411744185,collinare e montana,Umbria
90,Vallo_di_Nera,42.7546212,12.8637598,357,9.86,36.22,1.624308943748474,0,0,0.0,0,0,0.0,11.821317762545831,6.8031033829350624,10.104531930011957,25.703835010528564,12.36694435334001,23.36245822906494,5.1644929337960015,4.884321291493813,3.6109459400177,11.821317762545831,6.8031033829350624,10.104531930011957,12.658411555166538,7.429744819564829,10.847563412319236,21.805938720703125,26.84904510158382,15.005412446977674,4.257488250732422,5.4722690081759655,4.591285652511433,collinare e montana,Umbria
91,Valtopina,43.058282500000004,12.7546565,1325,33.0,40.57,2.1221635341644287,1,0,0.0,0,0,0.0,14.153392860100244,8.668405277227235,12.479675297032705,26.639095953532628,14.72829067903392,23.83596897125244,6.386279141837424,5.571345396431018,4.716120719909668,14.153392860100244,8.668405277227235,12.479675297032705,14.37360795465893,7.245096420758963,12.358013556310626,22.79149436950684,26.59386206195779,14.01417132485693,5.6758179664611825,6.671551535390828,4.620813014180512,collinare e montana,Umbria
